<Request AddExpandoFieldTypeSuffix="true" SchemaVersion="15.0.0.0" LibraryVersion="16.0.0.0" ApplicationName=".NET Library" xmlns="http://schemas.microsoft.com/sharepoint/clientquery/2009">
    <Actions>
        <ObjectPath Id="2" ObjectPathId="1" />
        <ObjectPath Id="4" ObjectPathId="3" />
        <ObjectPath Id="6" ObjectPathId="5" />
        <ObjectPath Id="8" ObjectPathId="7" />
        <ObjectIdentityQuery Id="9" ObjectPathId="7" />
        <Query Id="10" ObjectPathId="7">
            <Query SelectAllProperties="true">
                <Properties />
            </Query>
        </Query>
    </Actions>
    <ObjectPaths>
        <StaticProperty Id="1" TypeId="{3747adcd-a3c3-41b9-bfab-4a64dd2f1e0a}" Name="Current" />
        <Property Id="3" ParentId="1" Name="Web" />
        <Property Id="5" ParentId="3" Name="Lists" />
        <Method Id="7" ParentId="5" Name="GetByTitle">
            <Parameters>
                <Parameter Type="String">Pages</Parameter>
            </Parameters>
        </Method>
    </ObjectPaths>
</Request>
